{
  "sensor_value_history": {
    "branch1": {
      "-NI7hH-nztR7naUmH1DS": {
        "air_humidity": "99",
        "air_temperature": "33",
        "light_intensity": "45"
      },
      "-NI7hTTDf5zXtgty7dis": {
        "air_humidity": "99",
        "air_temperature": "0",
        "light_intensity": "45"
      }
    },
    "centric": {
      "-NI7h6IJG1AnHfIORVhw": {
        "ph": "0",
        "tds": "0",
        "water_temperature": "0"
      },
      "-NI7h9frT6Qp8W2F20WK": {
        "ph": "0",
        "tds": "0",
        "water_temperature": "0"
      },
      "-NI7h9mYm4Bj48AmuD5v": {
        "ph": "0",
        "tds": "0",
        "water_temperature": "0"
      },
      "-NI7hYHR5SF6XsUPAcKk": {
        "ph": "0",
        "tds": "0",
        "water_temperature": "33"
      }
    }
  },
  "setting": {
    "current_plant_name_id": "plant_id1",
    "plant_properties": {
      "plant_id1": {
        "air_humidity": "50-60",
        "air_temperature": "20-30",
        "light_intensity": "400-330",
        "ph": "4.5-6",
        "plant_name": "خس",
        "tds": "400-500",
        "water_temperature": "12-18"
      },
      "plant_id2": {
        "air_humidity": "-",
        "air_temperature": "-",
        "light_intensity": "-",
        "ph": "-",
        "plant_name": "-",
        "tds": "-",
        "water_temperature": "-"
      },
      "plant_id3": {
        "air_humidity": "-",
        "air_temperature": "-",
        "light_intensity": "-",
        "ph": "-",
        "plant_name": "-",
        "tds": "-",
        "water_temperature": "-"
      },
      "plant_id4": {
        "air_humidity": "-",
        "air_temperature": "-",
        "light_intensity": "-",
        "ph": "-",
        "plant_name": "-",
        "tds": "-",
        "water_temperature": "-"
      },
      "plant_id5": {
        "air_humidity": "-",
        "air_temperature": "-",
        "light_intensity": "-",
        "ph": "-",
        "plant_name": "-",
        "tds": "-",
        "water_temperature": "-"
      },
      "plant_id6": {
        "air_humidity": "-",
        "air_temperature": "-",
        "light_intensity": "-",
        "ph": "-",
        "plant_name": "-",
        "tds": "-",
        "water_temperature": "-"
      }
    }
  }
}